Event Name;Event ID;Cell Pointer;Controller;Access Area;IMEISV;RSAI ID;RSAI;Release Type ID;Release Type;Channel Type ID;Channel Type;Urgency Condition ID;Urgency Condition;Extended Cause ID;Comments;Number of Events;Vamos Neighbor Indicator ID;RAN Vendor;Event Type;IMSI;TAC;Terminal Make;Terminal Model;Cause Group;Extended Cause Value;Vamos Neighbor Indicator;Group Name;Assignment Failure Cause Value;Scenario;Failures;Failure Ratio;Impacted Subscribers;Impacted Cells;Cause Group ID;Country;Operator
Cipher Mode Complete;14;11111;BSCA00;CA00000;3552320088545590;2;ACTIVATED ON DL;0;(MSC) NORMAL RELEASE;2;TCH (FR);2;SUDDENLY LOST CONNECTION;2;;25;2;Ericsson;Call Drops;262006505768224;35523200;;;;;;Regression_IMSI_group
CS Call Release;34;11111;BSCA00;CA00000;3552320088545590;2;ACTIVATED ON DL;0;(MSC) NORMAL RELEASE;2;TCH (FR);2;SUDDENLY LOST CONNECTION;2;Success, RT=0 (IWD);25;2;Ericsson;Call Drops;262006505768224;35523200;;;;;;Regression_IMSI_group
Cipher Mode Complete;14;11111;BSCA00;CA00000;107270061707365;2;ACTIVATED ON DL;0;(MSC) NORMAL RELEASE;2;TCH (FR);2;SUDDENLY LOST CONNECTION;2;;26;2;Ericsson;Call Drops;460000021041788;1072700;Nokia;1110b;AIR INTERFACE;AIR INTERFACE, T200 EXPIRED;The MS on this channel has two VAMOS pair allocations;Regression_IMSI_group
CS Call Release;34;11111;BSCA00;CA00000;107270061707365;2;ACTIVATED ON DL;0;(MSC) NORMAL RELEASE;2;TCH (FR);2;SUDDENLY LOST CONNECTION;2;Success, RT=0 (IWD);26;2;Ericsson;Call Drops;460000021041788;1072700;Nokia;1110b;AIR INTERFACE;AIR INTERFACE, T200 EXPIRED;The MS on this channel has two VAMOS pair allocations;Regression_IMSI_group
Cipher Mode Complete;14;11112;BSCA00;CA00014;3546540440894430;2;ACTIVATED ON DL;0;(MSC) NORMAL RELEASE;2;TCH (FR);2;SUDDENLY LOST CONNECTION;2;;50;2;Ericsson;Call Drops;302029038038679;35465404;Nokia;1110b;AIR INTERFACE;AIR INTERFACE, T200 EXPIRED;The MS on this channel has two VAMOS pair allocations;Regression_IMSI_group
CS Call Release;34;11112;BSCA00;CA00014;3546540440894430;2;ACTIVATED ON DL;0;(MSC) NORMAL RELEASE;2;TCH (FR);2;SUDDENLY LOST CONNECTION;2;Success, RT=0 (IWD);50;2;Ericsson;Call Drops;302029038038679;35465404;Nokia;1110b;AIR INTERFACE;AIR INTERFACE, T200 EXPIRED;The MS on this channel has two VAMOS pair allocations;Regression_IMSI_group
Cipher Mode Complete;14;11113;BSCA00;CA00022;4460720707948400;2;ACTIVATED ON DL;0;(MSC) NORMAL RELEASE;2;TCH (FR);2;SUDDENLY LOST CONNECTION;2;;49;2;Ericsson;Call Drops;311025076544496;44607207;Nokia;1110b;AIR INTERFACE;AIR INTERFACE, T200 EXPIRED;The MS on this channel has two VAMOS pair allocations;Regression_IMSI_group
CS Call Release;34;11113;BSCA00;CA00022;4460720707948400;2;ACTIVATED ON DL;0;(MSC) NORMAL RELEASE;2;TCH (FR);2;SUDDENLY LOST CONNECTION;2;Success, RT=0 (IWD);49;2;Ericsson;Call Drops;311025076544496;44607207;Nokia;1110b;AIR INTERFACE;AIR INTERFACE, T200 EXPIRED;The MS on this channel has two VAMOS pair allocations;Regression_IMSI_group
Cipher Mode Complete;14;11114;BSCA00;CA00024;108940082496630;2;ACTIVATED ON DL;0;(MSC) NORMAL RELEASE;2;TCH (FR);2;SUDDENLY LOST CONNECTION;2;;48;2;Ericsson;Call Drops;402017606296479;1089400;Nokia;1110b;AIR INTERFACE;AIR INTERFACE, T200 EXPIRED;The MS on this channel has two VAMOS pair allocations;Regression_IMSI_group
CS Call Release;34;11114;BSCA00;CA00024;108940082496630;2;ACTIVATED ON DL;0;(MSC) NORMAL RELEASE;2;TCH (FR);2;SUDDENLY LOST CONNECTION;2;Success, RT=0 (IWD);48;2;Ericsson;Call Drops;402017606296479;1089400;Nokia;1110b;AIR INTERFACE;AIR INTERFACE, T200 EXPIRED;The MS on this channel has two VAMOS pair allocations;Regression_IMSI_group
Cipher Mode Complete;14;11115;BSCA00;CA00029;3551050269596600;2;ACTIVATED ON DL;0;(MSC) NORMAL RELEASE;2;TCH (FR);2;SUDDENLY LOST CONNECTION;2;;47;2;Ericsson;Call Drops;404058140359695;35510502;Nokia;1110b;AIR INTERFACE;AIR INTERFACE, T200 EXPIRED;The MS on this channel has two VAMOS pair allocations;Regression_IMSI_group
CS Call Release;34;11115;BSCA00;CA00029;3551050269596600;2;ACTIVATED ON DL;0;(MSC) NORMAL RELEASE;2;TCH (FR);2;SUDDENLY LOST CONNECTION;2;Success, RT=0 (IWD);47;2;Ericsson;Call Drops;404058140359695;35510502;Nokia;1110b;AIR INTERFACE;AIR INTERFACE, T200 EXPIRED;The MS on this channel has two VAMOS pair allocations;Regression_IMSI_group
Cipher Mode Complete;14;11116;BSCA01;CA01001;3549130398889820;2;ACTIVATED ON DL;0;(MSC) NORMAL RELEASE;2;TCH (FR);2;SUDDENLY LOST CONNECTION;1;;46;2;Ericsson;Call Drops;405012618755967;35491303;Nokia;1110b;AIR INTERFACE;AIR INTERFACE, T200 EXPIRED;The MS on this channel has two VAMOS pair allocations;Regression_IMSI_group
CS Call Release;34;11116;BSCA01;CA01001;3549130398889820;2;ACTIVATED ON DL;0;(MSC) NORMAL RELEASE;2;TCH (FR);2;SUDDENLY LOST CONNECTION;1;Success, RT=0 (IWD);46;2;Ericsson;Call Drops;405012618755967;35491303;Nokia;1110b;AIR INTERFACE;AIR INTERFACE, T200 EXPIRED;The MS on this channel has two VAMOS pair allocations;Regression_IMSI_group
Cipher Mode Complete;14;11117;BSCA01;CA01004;107610072561749;2;ACTIVATED ON DL;0;(MSC) NORMAL RELEASE;2;TCH (FR);2;SUDDENLY LOST CONNECTION;1;;45;2;Ericsson;Call Drops;405075479851854;1076100;Nokia;1110b;AIR INTERFACE;AIR INTERFACE, T200 EXPIRED;The MS on this channel has two VAMOS pair allocations;Regression_IMSI_group
CS Call Release;34;11117;BSCA01;CA01004;107610072561749;2;ACTIVATED ON DL;0;(MSC) NORMAL RELEASE;2;TCH (FR);2;SUDDENLY LOST CONNECTION;1;Success, RT=0 (IWD);45;2;Ericsson;Call Drops;405075479851854;1076100;Nokia;1110b;AIR INTERFACE;AIR INTERFACE, T200 EXPIRED;The MS on this channel has two VAMOS pair allocations;Regression_IMSI_group
Cipher Mode Complete;14;11118;BSCA01;CA01010;3301532226582320;2;ACTIVATED ON DL;0;(MSC) NORMAL RELEASE;2;TCH (FR);2;SUDDENLY LOST CONNECTION;1;;44;2;Ericsson;Call Drops;418089207164642;33015322;Nokia;1110b;AIR INTERFACE;AIR INTERFACE, T200 EXPIRED;The MS on this channel has two VAMOS pair allocations;Regression_IMSI_group
CS Call Release;34;11118;BSCA01;CA01010;3301532226582320;2;ACTIVATED ON DL;0;(MSC) NORMAL RELEASE;2;TCH (FR);2;SUDDENLY LOST CONNECTION;1;Success, RT=0 (IWD);44;2;Ericsson;Call Drops;418089207164642;33015322;Nokia;1110b;AIR INTERFACE;AIR INTERFACE, T200 EXPIRED;The MS on this channel has two VAMOS pair allocations;Regression_IMSI_group
Cipher Mode Complete;14;11119;BSCA01;CA01015;4485305099000130;2;ACTIVATED ON DL;0;(MSC) NORMAL RELEASE;2;TCH (FR);2;SUDDENLY LOST CONNECTION;1;;43;2;Ericsson;Call Drops;440078865452772;44853050;Nokia;1110b;AIR INTERFACE;AIR INTERFACE, T200 EXPIRED;The MS on this channel has two VAMOS pair allocations;Regression_IMSI_group
CS Call Release;34;11119;BSCA01;CA01015;4485305099000130;2;ACTIVATED ON DL;0;(MSC) NORMAL RELEASE;2;TCH (FR);2;SUDDENLY LOST CONNECTION;1;Success, RT=0 (IWD);43;2;Ericsson;Call Drops;440078865452772;44853050;Nokia;1110b;AIR INTERFACE;AIR INTERFACE, T200 EXPIRED;The MS on this channel has two VAMOS pair allocations;Regression_IMSI_group
Cipher Mode Complete;14;11120;BSCA01;CA01016;107270061707365;2;ACTIVATED ON DL;2;BSC DROP;2;TCH (FR);2;SUDDENLY LOST CONNECTION;20;;42;2;Ericsson;Call Drops;460000021041788;1072700;Nokia;1110b;AIR INTERFACE;AIR INTERFACE, T200 EXPIRED;The MS on this channel has two VAMOS pair allocations;Regression_IMSI_group
CS Call Release;34;11120;BSCA01;CA01016;107270061707365;2;ACTIVATED ON DL;2;BSC DROP;2;TCH (FR);2;SUDDENLY LOST CONNECTION;20;;42;2;Ericsson;Call Drops;460000021041788;1072700;Nokia;1110b;AIR INTERFACE;AIR INTERFACE, T200 EXPIRED;The MS on this channel has two VAMOS pair allocations;Regression_IMSI_group
Cipher Mode Complete;14;11121;BSCA02;CA02000;3551670184183660;2;ACTIVATED ON DL;1;MSC DROP;3;PDCH (DEDICATED OR SEMIDEDICATED);2;SUDDENLY LOST CONNECTION;65;;41;2;Ericsson;Call Drops;460000055469175;35516701;;;;;;Regression_IMSI_group
CS Call Release;34;11121;BSCA02;CA02000;3551670184183660;2;ACTIVATED ON DL;1;MSC DROP;3;PDCH (DEDICATED OR SEMIDEDICATED);2;SUDDENLY LOST CONNECTION;65;;41;2;Ericsson;Call Drops;460000055469175;35516701;;;;;;Regression_IMSI_group
Cipher Mode Complete;14;11122;BSCA02;CA02001;3550990316845200;3;ACTIVATED ON BOTH UL AND DL;1;MSC DROP;3;PDCH (DEDICATED OR SEMIDEDICATED);2;SUDDENLY LOST CONNECTION;65;;40;2;Ericsson;Call Drops;460000113632189;35509903;;;;;;Regression_IMSI_group
CS Call Release;34;11122;BSCA02;CA02001;3550990316845200;3;ACTIVATED ON BOTH UL AND DL;1;MSC DROP;3;PDCH (DEDICATED OR SEMIDEDICATED);2;SUDDENLY LOST CONNECTION;65;;40;2;Ericsson;Call Drops;460000113632189;35509903;;;;;;Regression_IMSI_group
Cipher Mode Complete;14;11123;BSCA02;CA02009;3598040108280970;3;ACTIVATED ON BOTH UL AND DL;1;MSC DROP;3;PDCH (DEDICATED OR SEMIDEDICATED);2;SUDDENLY LOST CONNECTION;65;;39;2;Ericsson;Call Drops;460000129622434;35980401;;;;;;Regression_IMSI_group
CS Call Release;34;11123;BSCA02;CA02009;3598040108280970;3;ACTIVATED ON BOTH UL AND DL;1;MSC DROP;3;PDCH (DEDICATED OR SEMIDEDICATED);2;SUDDENLY LOST CONNECTION;65;;39;2;Ericsson;Call Drops;460000129622434;35980401;;;;;;Regression_IMSI_group
Cipher Mode Complete;14;11124;BSCA02;CA02016;111020033866100;3;ACTIVATED ON BOTH UL AND DL;1;MSC DROP;3;PDCH (DEDICATED OR SEMIDEDICATED);2;SUDDENLY LOST CONNECTION;65;;38;2;Ericsson;Call Drops;460000150489159;1110200;;;;;;Regression_IMSI_group
CS Call Release;34;11124;BSCA02;CA02016;111020033866100;3;ACTIVATED ON BOTH UL AND DL;1;MSC DROP;3;PDCH (DEDICATED OR SEMIDEDICATED);2;SUDDENLY LOST CONNECTION;65;;38;2;Ericsson;Call Drops;460000150489159;1110200;;;;;;Regression_IMSI_group
Cipher Mode Complete;14;11125;BSCA02;CA02022;3546220149474230;2;ACTIVATED ON DL;1;MSC DROP;2;TCH (FR);2;SUDDENLY LOST CONNECTION;20;;37;2;Ericsson;Call Drops;460000177649024;35462201;;;;;;Regression_IMSI_group
CS Call Release;34;11125;BSCA02;CA02022;3546220149474230;2;ACTIVATED ON DL;1;MSC DROP;2;TCH (FR);2;SUDDENLY LOST CONNECTION;20;;37;2;Ericsson;Call Drops;460000177649024;35462201;;;;;;Regression_IMSI_group
Cipher Mode Complete;14;11126;BSCA02;CA02024;3550450280027080;2;ACTIVATED ON DL;1;MSC DROP;2;TCH (FR);2;SUDDENLY LOST CONNECTION;20;;36;2;Ericsson;Call Drops;460000204494936;35504502;;;;;;Regression_IMSI_group
CS Call Release;34;11126;BSCA02;CA02024;3550450280027080;2;ACTIVATED ON DL;1;MSC DROP;2;TCH (FR);2;SUDDENLY LOST CONNECTION;20;;36;2;Ericsson;Call Drops;460000204494936;35504502;;;;;;Regression_IMSI_group
Cipher Mode Complete;14;11127;BSCA03;CA03008;3550610264069890;3;ACTIVATED ON BOTH UL AND DL;1;MSC DROP;3;PDCH (DEDICATED OR SEMIDEDICATED);6;BAD RXQUAL BOTHLINK;20;;35;2;Ericsson;Call Drops;460000261259496;35506102;;;;;;Regression_IMSI_group
CS Call Release;34;11127;BSCA03;CA03008;3550610264069890;3;ACTIVATED ON BOTH UL AND DL;1;MSC DROP;3;PDCH (DEDICATED OR SEMIDEDICATED);6;BAD RXQUAL BOTHLINK;20;;35;2;Ericsson;Call Drops;460000261259496;35506102;;;;;;Regression_IMSI_group
Cipher Mode Complete;14;11128;BSCA03;CA03018;114580049289322;3;ACTIVATED ON BOTH UL AND DL;1;MSC DROP;3;PDCH (DEDICATED OR SEMIDEDICATED);6;BAD RXQUAL BOTHLINK;20;;34;2;Ericsson;Call Drops;460000271812752;1145800;;;;;;Regression_IMSI_group
CS Call Release;34;11128;BSCA03;CA03018;114580049289322;3;ACTIVATED ON BOTH UL AND DL;1;MSC DROP;3;PDCH (DEDICATED OR SEMIDEDICATED);6;BAD RXQUAL BOTHLINK;20;;34;2;Ericsson;Call Drops;460000271812752;1145800;;;;;;Regression_IMSI_group
Cipher Mode Complete;14;11129;BSCA03;CA03024;116010036385246;3;ACTIVATED ON BOTH UL AND DL;1;MSC DROP;3;PDCH (DEDICATED OR SEMIDEDICATED);6;BAD RXQUAL BOTHLINK;20;;33;2;Ericsson;Call Drops;460000282380660;1160100;;;;;;Regression_IMSI_group
CS Call Release;34;11129;BSCA03;CA03024;116010036385246;3;ACTIVATED ON BOTH UL AND DL;1;MSC DROP;3;PDCH (DEDICATED OR SEMIDEDICATED);6;BAD RXQUAL BOTHLINK;20;;33;2;Ericsson;Call Drops;460000282380660;1160100;;;;;;Regression_IMSI_group
Cipher Mode Complete;14;11130;BSCA04;CA04004;3551540089234240;3;ACTIVATED ON BOTH UL AND DL;1;MSC DROP;3;PDCH (DEDICATED OR SEMIDEDICATED);6;BAD RXQUAL BOTHLINK;20;;32;2;Ericsson;Call Drops;460000302412582;35515400;;;;;;Regression_IMSI_group
CS Call Release;34;11130;BSCA04;CA04004;3551540089234240;3;ACTIVATED ON BOTH UL AND DL;1;MSC DROP;3;PDCH (DEDICATED OR SEMIDEDICATED);6;BAD RXQUAL BOTHLINK;20;;32;2;Ericsson;Call Drops;460000302412582;35515400;;;;;;Regression_IMSI_group
Cipher Mode Complete;14;11131;BSCA04;CA04009;116660059075810;3;ACTIVATED ON BOTH UL AND DL;1;MSC DROP;3;PDCH (DEDICATED OR SEMIDEDICATED);6;BAD RXQUAL BOTHLINK;20;;31;2;Ericsson;Call Drops;460000306164048;1166600;;;;;;Regression_IMSI_group
CS Call Release;34;11131;BSCA04;CA04009;116660059075810;3;ACTIVATED ON BOTH UL AND DL;1;MSC DROP;3;PDCH (DEDICATED OR SEMIDEDICATED);6;BAD RXQUAL BOTHLINK;20;;31;2;Ericsson;Call Drops;460000306164048;1166600;;;;;;Regression_IMSI_group
Cipher Mode Complete;14;11132;BSCA04;CA04012;106130003237514;3;ACTIVATED ON BOTH UL AND DL;1;MSC DROP;3;PDCH (DEDICATED OR SEMIDEDICATED);6;BAD RXQUAL BOTHLINK;20;;30;2;Ericsson;Call Drops;460000352198766;1061300;;;;;;Regression_IMSI_group
CS Call Release;34;11132;BSCA04;CA04012;106130003237514;3;ACTIVATED ON BOTH UL AND DL;1;MSC DROP;3;PDCH (DEDICATED OR SEMIDEDICATED);6;BAD RXQUAL BOTHLINK;20;;30;2;Ericsson;Call Drops;460000352198766;1061300;;;;;;Regression_IMSI_group
Cipher Mode Complete;14;11133;BSCA04;CA04016;3595590397782470;2;ACTIVATED ON DL;1;MSC DROP;3;PDCH (DEDICATED OR SEMIDEDICATED);6;BAD RXQUAL BOTHLINK;65;;29;2;Ericsson;Call Drops;460000374698780;35955903;;;;;;Regression_IMSI_group
CS Call Release;34;11133;BSCA04;CA04016;3595590397782470;2;ACTIVATED ON DL;1;MSC DROP;3;PDCH (DEDICATED OR SEMIDEDICATED);6;BAD RXQUAL BOTHLINK;65;;29;2;Ericsson;Call Drops;460000374698780;35955903;;;;;;Regression_IMSI_group
Cipher Mode Complete;14;11134;BSCA04;CA04025;3549780213587940;2;ACTIVATED ON DL;1;MSC DROP;3;PDCH (DEDICATED OR SEMIDEDICATED);6;BAD RXQUAL BOTHLINK;65;;28;2;Ericsson;Call Drops;460000405277278;35497802;;;;;;Regression_IMSI_group
CS Call Release;34;11134;BSCA04;CA04025;3549780213587940;2;ACTIVATED ON DL;1;MSC DROP;3;PDCH (DEDICATED OR SEMIDEDICATED);6;BAD RXQUAL BOTHLINK;65;;28;2;Ericsson;Call Drops;460000405277278;35497802;;;;;;Regression_IMSI_group
Cipher Mode Complete;14;11135;BSCA04;CA04026;3549920207016300;2;ACTIVATED ON DL;1;MSC DROP;3;PDCH (DEDICATED OR SEMIDEDICATED);6;BAD RXQUAL BOTHLINK;65;;27;2;Ericsson;Call Drops;460000408217154;35499202;;;;;;Regression_IMSI_group
CS Call Release;34;11135;BSCA04;CA04026;3549920207016300;2;ACTIVATED ON DL;1;MSC DROP;3;PDCH (DEDICATED OR SEMIDEDICATED);6;BAD RXQUAL BOTHLINK;65;;27;2;Ericsson;Call Drops;460000408217154;35499202;;;;;;Regression_IMSI_group
Cipher Mode Complete;14;11136;BSCA04;CA04027;3302179596160400;2;ACTIVATED ON DL;1;MSC DROP;3;PDCH (DEDICATED OR SEMIDEDICATED);6;BAD RXQUAL BOTHLINK;65;;26;2;Ericsson;Call Drops;460000409115481;33021795;;;;;;Regression_IMSI_group
CS Call Release;34;11136;BSCA04;CA04027;3302179596160400;2;ACTIVATED ON DL;1;MSC DROP;3;PDCH (DEDICATED OR SEMIDEDICATED);6;BAD RXQUAL BOTHLINK;65;;26;2;Ericsson;Call Drops;460000409115481;33021795;;;;;;Regression_IMSI_group
Cipher Mode Complete;14;11137;BSCB00;CB00010;3594700208030560;2;ACTIVATED ON DL;1;MSC DROP;3;PDCH (DEDICATED OR SEMIDEDICATED);6;BAD RXQUAL BOTHLINK;65;;25;2;Ericsson;Call Drops;460000411395584;35947002;;;;;;Regression_IMSI_group
CS Call Release;34;11137;BSCB00;CB00010;3594700208030560;2;ACTIVATED ON DL;1;MSC DROP;3;PDCH (DEDICATED OR SEMIDEDICATED);6;BAD RXQUAL BOTHLINK;65;;25;2;Ericsson;Call Drops;460000411395584;35947002;;;;;;Regression_IMSI_group
Cipher Mode Complete;14;11138;BSCB00;CB00011;3550230427387800;2;ACTIVATED ON DL;1;MSC DROP;3;PDCH (DEDICATED OR SEMIDEDICATED);6;BAD RXQUAL BOTHLINK;65;;24;2;Ericsson;Call Drops;460000434702320;35502304;;;;;;Regression_IMSI_group
CS Call Release;34;11138;BSCB00;CB00011;3550230427387800;2;ACTIVATED ON DL;1;MSC DROP;3;PDCH (DEDICATED OR SEMIDEDICATED);6;BAD RXQUAL BOTHLINK;65;;24;2;Ericsson;Call Drops;460000434702320;35502304;;;;;;Regression_IMSI_group
Cipher Mode Complete;14;11139;BSCB00;CB00016;124660081357664;2;ACTIVATED ON DL;1;MSC DROP;3;PDCH (DEDICATED OR SEMIDEDICATED);6;BAD RXQUAL BOTHLINK;65;;23;2;Ericsson;Call Drops;460000499253977;1246600;;;;;;Regression_IMSI_group
CS Call Release;34;11139;BSCB00;CB00016;124660081357664;2;ACTIVATED ON DL;1;MSC DROP;3;PDCH (DEDICATED OR SEMIDEDICATED);6;BAD RXQUAL BOTHLINK;65;;23;2;Ericsson;Call Drops;460000499253977;1246600;;;;;;Regression_IMSI_group
Cipher Mode Complete;14;11140;BSCB00;CB00028;3544980490956510;2;ACTIVATED ON DL;1;MSC DROP;3;PDCH (DEDICATED OR SEMIDEDICATED);6;BAD RXQUAL BOTHLINK;65;;22;2;Ericsson;Call Drops;460000542978669;35449804;;;;;;Regression_IMSI_group
CS Call Release;34;11140;BSCB00;CB00028;3544980490956510;2;ACTIVATED ON DL;1;MSC DROP;3;PDCH (DEDICATED OR SEMIDEDICATED);6;BAD RXQUAL BOTHLINK;65;;22;2;Ericsson;Call Drops;460000542978669;35449804;;;;;;Regression_IMSI_group
Cipher Mode Complete;14;11141;BSCB00;CB00029;3546860325016450;2;ACTIVATED ON DL;1;MSC DROP;3;PDCH (DEDICATED OR SEMIDEDICATED);6;BAD RXQUAL BOTHLINK;65;;21;2;Ericsson;Call Drops;460000556190109;35468603;;;;;;Regression_IMSI_group
CS Call Release;34;11141;BSCB00;CB00029;3546860325016450;2;ACTIVATED ON DL;1;MSC DROP;3;PDCH (DEDICATED OR SEMIDEDICATED);6;BAD RXQUAL BOTHLINK;65;;21;2;Ericsson;Call Drops;460000556190109;35468603;;;;;;Regression_IMSI_group
Cipher Mode Complete;14;11142;BSCB01;CB01001;3302052017470020;3;ACTIVATED ON BOTH UL AND DL;2;BSC DROP;2;TCH (FR);6;BAD RXQUAL BOTHLINK;20;;20;2;Ericsson;Call Drops;460000559943255;33020520;;;;;;Regression_IMSI_group
CS Call Release;34;11142;BSCB01;CB01001;3302052017470020;3;ACTIVATED ON BOTH UL AND DL;2;BSC DROP;2;TCH (FR);6;BAD RXQUAL BOTHLINK;20;;20;2;Ericsson;Call Drops;460000559943255;33020520;;;;;;Regression_IMSI_group
Cipher Mode Complete;14;11143;BSCB01;CB01003;3554520020349300;3;ACTIVATED ON BOTH UL AND DL;2;BSC DROP;2;TCH (FR);6;BAD RXQUAL BOTHLINK;20;;19;2;Ericsson;Call Drops;460000574795134;35545200;;;;;;Regression_IMSI_group
CS Call Release;34;11143;BSCB01;CB01003;3554520020349300;3;ACTIVATED ON BOTH UL AND DL;2;BSC DROP;2;TCH (FR);6;BAD RXQUAL BOTHLINK;20;;19;2;Ericsson;Call Drops;460000574795134;35545200;;;;;;Regression_IMSI_group
Cipher Mode Complete;14;11144;BSCB01;CB01005;3546650026007380;3;ACTIVATED ON BOTH UL AND DL;2;BSC DROP;2;TCH (FR);6;BAD RXQUAL BOTHLINK;20;;18;2;Ericsson;Call Drops;460000678112899;35466500;;;;;;Regression_IMSI_group
CS Call Release;34;11144;BSCB01;CB01005;3546650026007380;3;ACTIVATED ON BOTH UL AND DL;2;BSC DROP;2;TCH (FR);6;BAD RXQUAL BOTHLINK;20;;18;2;Ericsson;Call Drops;460000678112899;35466500;;;;;;Regression_IMSI_group
Cipher Mode Complete;14;11145;BSCB01;CB01011;3300528200523980;1;ACTIVATED ON UL;2;BSC DROP;2;TCH (FR);6;BAD RXQUAL BOTHLINK;1;;17;2;Ericsson;Call Drops;460000685758014;33005282;;;;;;Regression_IMSI_group
CS Call Release;34;11145;BSCB01;CB01011;3300528200523980;1;ACTIVATED ON UL;2;BSC DROP;2;TCH (FR);6;BAD RXQUAL BOTHLINK;1;;17;2;Ericsson;Call Drops;460000685758014;33005282;;;;;;Regression_IMSI_group
Cipher Mode Complete;14;11146;BSCB01;CB01020;3547910079595230;1;ACTIVATED ON UL;1;MSC DROP;2;TCH (FR);6;BAD RXQUAL BOTHLINK;1;;16;2;Ericsson;Call Drops;460000700978733;35479100;;;;;;Regression_IMSI_group
CS Call Release;34;11146;BSCB01;CB01020;3547910079595230;1;ACTIVATED ON UL;1;MSC DROP;2;TCH (FR);6;BAD RXQUAL BOTHLINK;1;;16;2;Ericsson;Call Drops;460000700978733;35479100;;;;;;Regression_IMSI_group
Cipher Mode Complete;14;11147;BSCB01;CB01022;3594500051425530;1;ACTIVATED ON UL;1;MSC DROP;2;TCH (FR);6;BAD RXQUAL BOTHLINK;1;;15;2;Ericsson;Call Drops;460000716604344;35945000;;;;;;Regression_IMSI_group
CS Call Release;34;11147;BSCB01;CB01022;3594500051425530;1;ACTIVATED ON UL;1;MSC DROP;2;TCH (FR);6;BAD RXQUAL BOTHLINK;1;;15;2;Ericsson;Call Drops;460000716604344;35945000;;;;;;Regression_IMSI_group
Cipher Mode Complete;14;11148;BSCB01;CB01023;107310065591166;1;ACTIVATED ON UL;1;MSC DROP;2;TCH (FR);6;BAD RXQUAL BOTHLINK;1;;14;2;Ericsson;Call Drops;460000716604344;35945000;;;;;;Regression_IMSI_group
CS Call Release;34;11148;BSCB01;CB01023;107310065591166;1;ACTIVATED ON UL;1;MSC DROP;2;TCH (FR);6;BAD RXQUAL BOTHLINK;1;;14;2;Ericsson;Call Drops;460000716604344;35945000;;;;;;Regression_IMSI_group
Cipher Mode Complete;14;11149;BSCB01;CB01025;3554020247118850;3;ACTIVATED ON BOTH UL AND DL;2;BSC DROP;2;TCH (FR);6;BAD RXQUAL BOTHLINK;1;;13;2;Ericsson;Call Drops;460000728733824;35540202;;;;;;Regression_IMSI_group
CS Call Release;34;11149;BSCB01;CB01025;3554020247118850;3;ACTIVATED ON BOTH UL AND DL;2;BSC DROP;2;TCH (FR);6;BAD RXQUAL BOTHLINK;1;;13;2;Ericsson;Call Drops;460000728733824;35540202;;;;;;Regression_IMSI_group
Cipher Mode Complete;14;11150;BSCB01;CB01026;112530012495403;3;ACTIVATED ON BOTH UL AND DL;2;BSC DROP;2;TCH (FR);6;BAD RXQUAL BOTHLINK;1;;12;2;Ericsson;Call Drops;460000764347878;1125300;;;;;;Regression_IMSI_group
CS Call Release;34;11150;BSCB01;CB01026;112530012495403;3;ACTIVATED ON BOTH UL AND DL;2;BSC DROP;2;TCH (FR);6;BAD RXQUAL BOTHLINK;1;;12;2;Ericsson;Call Drops;460000764347878;1125300;;;;;;Regression_IMSI_group
Cipher Mode Complete;14;11151;BSCB02;CB02001;3302187288004710;3;ACTIVATED ON BOTH UL AND DL;2;BSC DROP;2;TCH (FR);6;BAD RXQUAL BOTHLINK;1;;11;2;Ericsson;Call Drops;460000844250248;33021872;;;;;;Regression_IMSI_group
CS Call Release;34;11151;BSCB02;CB02001;3302187288004710;3;ACTIVATED ON BOTH UL AND DL;2;BSC DROP;2;TCH (FR);6;BAD RXQUAL BOTHLINK;1;;11;2;Ericsson;Call Drops;460000844250248;33021872;;;;;;Regression_IMSI_group
Cipher Mode Complete;14;11152;BSCB02;CB02004;121740034861112;3;ACTIVATED ON BOTH UL AND DL;2;BSC DROP;2;TCH (FR);6;BAD RXQUAL BOTHLINK;1;;10;2;Ericsson;Call Drops;460000858524052;1217400;;;;;;Regression_IMSI_group
CS Call Release;34;11152;BSCB02;CB02004;121740034861112;3;ACTIVATED ON BOTH UL AND DL;2;BSC DROP;2;TCH (FR);6;BAD RXQUAL BOTHLINK;1;;10;2;Ericsson;Call Drops;460000858524052;1217400;;;;;;Regression_IMSI_group
Cipher Mode Complete;14;11153;BSCB02;CB02011;111340072617392;3;ACTIVATED ON BOTH UL AND DL;1;MSC DROP;6;PDCH (UNKNOWN TYPE);6;BAD RXQUAL BOTHLINK;5;;9;2;Ericsson;Call Drops;460000863000710;1113400;;;;;;Regression_IMSI_group
CS Call Release;34;11153;BSCB02;CB02011;111340072617392;3;ACTIVATED ON BOTH UL AND DL;1;MSC DROP;6;PDCH (UNKNOWN TYPE);6;BAD RXQUAL BOTHLINK;5;;9;2;Ericsson;Call Drops;460000863000710;1113400;;;;;;Regression_IMSI_group
Cipher Mode Complete;14;11154;BSCB02;CB02012;3545350341555650;3;ACTIVATED ON BOTH UL AND DL;1;MSC DROP;6;PDCH (UNKNOWN TYPE);6;BAD RXQUAL BOTHLINK;5;;8;2;Ericsson;Call Drops;460000889853502;35453503;;;;;;Regression_IMSI_group
CS Call Release;34;11154;BSCB02;CB02012;3545350341555650;3;ACTIVATED ON BOTH UL AND DL;1;MSC DROP;6;PDCH (UNKNOWN TYPE);6;BAD RXQUAL BOTHLINK;5;;8;2;Ericsson;Call Drops;460000889853502;35453503;;;;;;Regression_IMSI_group
Cipher Mode Complete;14;11155;BSCB03;CB03001;104400023533715;3;ACTIVATED ON BOTH UL AND DL;1;MSC DROP;6;PDCH (UNKNOWN TYPE);6;BAD RXQUAL BOTHLINK;5;;7;2;Ericsson;Call Drops;460000915222106;1044000;;;;;;Regression_IMSI_group
CS Call Release;34;11155;BSCB03;CB03001;104400023533715;3;ACTIVATED ON BOTH UL AND DL;1;MSC DROP;6;PDCH (UNKNOWN TYPE);6;BAD RXQUAL BOTHLINK;5;;7;2;Ericsson;Call Drops;460000915222106;1044000;;;;;;Regression_IMSI_group
Cipher Mode Complete;14;11156;BSCB03;CB03003;3553740156343740;3;ACTIVATED ON BOTH UL AND DL;2;BSC DROP;6;PDCH (UNKNOWN TYPE);6;BAD RXQUAL BOTHLINK;5;;6;2;Ericsson;Call Drops;460000920851390;35537401;;;;;;Regression_IMSI_group
CS Call Release;34;11156;BSCB03;CB03003;3553740156343740;3;ACTIVATED ON BOTH UL AND DL;2;BSC DROP;6;PDCH (UNKNOWN TYPE);6;BAD RXQUAL BOTHLINK;5;;6;2;Ericsson;Call Drops;460000920851390;35537401;;;;;;Regression_IMSI_group
Cipher Mode Complete;14;11157;BSCB04;CB04007;3549890189765270;3;ACTIVATED ON BOTH UL AND DL;2;BSC DROP;6;PDCH (UNKNOWN TYPE);6;BAD RXQUAL BOTHLINK;5;;5;2;Ericsson;Call Drops;460000953695995;35498901;;;;;;Regression_IMSI_group
CS Call Release;34;11157;BSCB04;CB04007;3549890189765270;3;ACTIVATED ON BOTH UL AND DL;2;BSC DROP;6;PDCH (UNKNOWN TYPE);6;BAD RXQUAL BOTHLINK;5;;5;2;Ericsson;Call Drops;460000953695995;35498901;;;;;;Regression_IMSI_group
Cipher Mode Complete;14;11158;BSCB04;CB04008;4488959238775850;0;NOT ACTIVATED;2;BSC DROP;2;TCH (FR);6;BAD RXQUAL BOTHLINK;5;;4;2;Ericsson;Call Drops;460000985316057;44889592;;;;;;Regression_IMSI_group
CS Call Release;34;11158;BSCB04;CB04008;4488959238775850;0;NOT ACTIVATED;2;BSC DROP;2;TCH (FR);6;BAD RXQUAL BOTHLINK;20;;4;2;Ericsson;Call Drops;460000985316057;44889592;;;;;;Regression_IMSI_group
Cipher Mode Complete;14;11159;BSCB04;CB04016;3598920393768470;2;ACTIVATED ON DL;2;BSC DROP;2;TCH (FR);6;BAD RXQUAL BOTHLINK;20;;3;2;Ericsson;Call Drops;629001073086569;35989203;;;;;;Regression_IMSI_group
CS Call Release;34;11159;BSCB04;CB04016;3598920393768470;2;ACTIVATED ON DL;2;BSC DROP;2;TCH (FR);6;BAD RXQUAL BOTHLINK;20;;3;2;Ericsson;Call Drops;629001073086569;35989203;;;;;;Regression_IMSI_group
Cipher Mode Complete;14;11160;BSCB04;CB04019;114690088950312;2;ACTIVATED ON DL;2;BSC DROP;2;TCH (FR);6;BAD RXQUAL BOTHLINK;1;;2;2;Ericsson;Call Drops;724053846851941;1146900;;;;;;Regression_IMSI_group
CS Call Release;34;11160;BSCB04;CB04019;114690088950312;2;ACTIVATED ON DL;2;BSC DROP;2;TCH (FR);6;BAD RXQUAL BOTHLINK;1;;2;2;Ericsson;Call Drops;724053846851941;1146900;;;;;;Regression_IMSI_group
Cipher Mode Complete;14;11161;BSCB04;CB04029;3301359524251050;2;ACTIVATED ON DL;1;MSC DROP;2;TCH (FR);6;BAD RXQUAL BOTHLINK;1;;1;2;Ericsson;Call Drops;732012337593109;33013595;;;;;;Regression_IMSI_group
CS Call Release;34;11161;BSCB04;CB04029;3301359524251050;2;ACTIVATED ON DL;1;MSC DROP;2;TCH (FR);6;BAD RXQUAL BOTHLINK;1;;1;2;Ericsson;Call Drops;732012337593109;33013595;;;;;;Regression_IMSI_group
Cipher Mode Complete;14;99991;NoBSC;NoCell;3301359524251050;0;NOT ACTIVATED;1;MSC DROP;2;TCH (FR);1;EXCESSIVE TA;1;A lonely Cipher Mode Complete, will be thrown away;1;2;Ericsson;Call Drops;732012337593109;33013595;;;;;;Regression_IMSI_group
CS Call Release;34;11111;BSCA00;CA00000;3301359524251050;0;NOT ACTIVATED;1;MSC DROP;2;TCH (FR);1;EXCESSIVE TA;1;A CS Call Release without any matching Cipher Mode Complete, so there will be no subscriber information;1;2;Ericsson;Call Drops;732012337593109;33013595;;;;;;Regression_IMSI_group
Cipher Mode Complete;14;99991;NoBSC;NoCell;3552320088545590;0;NOT ACTIVATED;1;MSC DROP;2;TCH (FR);1;EXCESSIVE TA;1;CM Complete and CS Call Release with some bsc and cell names not present in the topology table, so there will be no cell information;1;2;Ericsson;Call Drops;262006505768224;35523200;;;;;;Regression_IMSI_group
CS Call Release;34;99991;NoBSC;NoCell;3552320088545590;0;NOT ACTIVATED;1;MSC DROP;2;TCH (FR);1;EXCESSIVE TA;1;;1;2;Ericsson;Call Drops;262006505768224;35523200;;;;;;Regression_IMSI_group
CS Call Release;34;11119;BSCA00;CA00000;4485305099000130;2;ACTIVATED ON BOTH UL AND DL;0;BSC DROP;2;SDCCH;2;BAD RXQUAL BOTHLINK;1;Success  RT=0 (IWD);43;2;Ericsson;Call Drops;902002385747230;1003400;Motorola;StarTac 7000;OTHER;OPERATIONAL RECOVERY FAILED;The MS on this channel has two VAMOS pair allocations;Regression_IMSI_group;NOT APPLICABLE;174,CSF
Cipher Mode Complete;14;11121;BSCA02;CA02000;3551670184183667;;2;;2;;2;;6;74;;2501;;Ericsson;Call Setup Failures;460000055469175;35516701;Ningbo Yidong Electronic Company Ltd;HT10008;OTHER;OTHER, FAULT INDICATION ON NEW ESSENTIAL CHANNEL;The MS on this channel has two VAMOS pair allocations;Regression_IMSI_group;NOT APPLICABLE
;;;BSCB01;CB01002;3545010274868935;;;;;;;;;20;;;;;;460000025651469;;;;AIR INTERFACE;AIR INTERFACE, T200 EXPIRED;;;;367,CFA;5;;1;;2;;
;;;BSCB01;CB01002;3545010274868935;;;;;;;;;20;;;;;;460000025651469;;;;AIR INTERFACE;AIR INTERFACE, T200 EXPIRED;;;;856,CFA;5;;1;;2;;
;;;BSCB01;CB01002;3545010274868935;;;;;;;;;20;;;;;;460000025651469;;;;AIR INTERFACE;AIR INTERFACE, T200 EXPIRED;;;;378,CG;9;;1;;2;;
;;;BSCB01;CB01002;3545010274868935;;;;;;;;;20;;;;;;460000025651469;;;;AIR INTERFACE;AIR INTERFACE, T200 EXPIRED;;;;380,CG;9;;1;;2;;
;;;BSCB01;CB01002;3545010274868935;;;;;;;;;20;;;;;;460000025651469;;;;AIR INTERFACE;AIR INTERFACE, T200 EXPIRED;;;;379,BSCB01;5;3.93;1;1;2;;
;;;BSCB02;CB02002;3545010274868935;;;;;;;;;20;;;;;;460000025651469;;;;AIR INTERFACE;AIR INTERFACE, T200 EXPIRED;;;;379,BSCB02;4;3.14;1;1;2;;
;;;BSCB01;CB01002;3545010274868935;;;;;;;;;20;;;;;;460000025651469;;;;AIR INTERFACE;AIR INTERFACE, T200 EXPIRED;;;;914,AccessArea;5;;1;1;2;;
;;;BSCB01;CB01002;3545010274868935;;;;;;;;;20;;;;;;460000025651469;;;;AIR INTERFACE;AIR INTERFACE, T200 EXPIRED;;;;957,AccessArea;5;;1;1;2;;
;;;BSCB01;CB01002;3545010274868935;;;;;;;;;20;;;;;;460000025651469;;;;AIR INTERFACE;AIR INTERFACE, T200 EXPIRED;;;;386,AccessGroup;9;;1;1;2;;
;;;BSCB01;CB01002;3545010274868935;;;;;;;;;20;;;;;;460000025651469;;;;AIR INTERFACE;AIR INTERFACE, T200 EXPIRED;;;;387,AccessGroup;9;;1;1;2;;
;;;BSCB02;CB02002;3545010274868935;;;;;;;;;20;;;;;;460000025651469;;;;AIR INTERFACE;AIR INTERFACE, T200 EXPIRED;;;;385,CB01002;4;3.14;1;1;2;;
;;;BSCB02;CB02002;3545010274868935;;;;;;;;;20;;;;;;460000025651469;;;;AIR INTERFACE;AIR INTERFACE, T200 EXPIRED;;;;385,CB02002;4;3.93;1;1;2;;
;;;BSCB01;CB01002;3545010274868935;;;;;;;;;20;;;;;Call Setup Failures;460000025651469;;;;AIR INTERFACE;AIR INTERFACE, T200 EXPIRED;;;;795,CSF;4;3.14;1;1;2;;
;;;BSCB01;CB01002;3545010274868935;;;;;;;;;20;;;;;Call Drops;460000025651469;;;;AIR INTERFACE;AIR INTERFACE, T200 EXPIRED;;;;795,CD;5;3.93;1;1;2;;
;;;BSCB01;CB01002;3545010274868935;;;;;;;;;20;;;;Ericsson;Call Setup Failures;460000025651469;;;;AIR INTERFACE;AIR INTERFACE, T200 EXPIRED;;;;797,CSF,BSCB01;2;1.57;1;1;2;;
;;;BSCB02;CB02002;3545010274868935;;;;;;;;;20;;;;Ericsson;Call Setup Failures;460000025651469;;;;AIR INTERFACE;AIR INTERFACE, T200 EXPIRED;;;;797,CSF,BSCB02;2;1.57;1;1;2;;
;;;BSCB02;CB02002;3545010274868935;;;;;;;;;20;;;;Ericsson;Call Drops;460000025651469;;;;AIR INTERFACE;AIR INTERFACE, T200 EXPIRED;;;;796,CD,BSCB02;2;1.57;1;1;2;;
;;;BSCB01;CB01002;3545010274868935;;;;;;;;;20;;;;Ericsson;Call Setup Failures;460000025651469;;;;AIR INTERFACE;AIR INTERFACE, T200 EXPIRED;;;;286,CSF;4;3.14;1;1;2;;
;;;BSCB01;CB01002;3545010274868935;;;;;;;;;20;;;;Ericsson;Call Drops;460000025651469;;;;AIR INTERFACE;AIR INTERFACE, T200 EXPIRED;;;;286,CD;5;3.93;1;1;2;;
;;;BSCA01;CA01002;3552370101373689;;;;;;;;;20;;;;Ericsson;Call Setup Failures;505010563976693;;;;AIR INTERFACE;AIR INTERFACE, T200 EXPIRED;;;;350,CSF;2;33.33;1;1;2;Australia;Telstra
;;;BSCA01;CA01002;3552370101373689;;;;;;;;;20;;;;Ericsson;Call Drops;505010563976693;;;;AIR INTERFACE;AIR INTERFACE, T200 EXPIRED;;;;350,CD;2;33.33;1;1;2;Australia;Telstra
;;;BSCA01;CA01002;3552370101373689;;;;;;;;;20;;;;Ericsson;Call Setup Failures;505010563976693;;;;AIR INTERFACE;AIR INTERFACE, T200 EXPIRED;;;;764,CSF;2;33.33;1;1;2;Australia;Telstra
;;;BSCA01;CA01002;3552370101373689;;;;;;;;;20;;;;Ericsson;Call Drops;505010563976693;;;;AIR INTERFACE;AIR INTERFACE, T200 EXPIRED;;;;764,CD;2;33.33;1;1;2;Australia;Telstra
;;;BSCA01;CA01002;3545010193996666;;;;;;;;;;;;;Ericsson;Call Setup Failures;460000025651469;;;;;;;;;174,CSF;48;37.79;1;;;;
;;;BSCA01;CA01002;3545010193996666;;;;;;;;;;;;;Ericsson;Call Drops;460000025651469;;;;;;;;;174,CD;48;37.79;1;;;;;;;
;;;BSCB01;CB01002;3545010274868935;;;;;;;;;20;;;;Ericsson;Call Setup Failures;460000109041946;;;;;;;;;798,CSF;4;3.14;1;;;;
;;;BSCB01;CB01002;3545010274868935;;;;;;;;;20;;;;Ericsson;Call Drops;460000109041946;;;;;;;;;798,CD;5;3.93;1;;;;
;;;BSCB01;CB01002;3545010274868935;;;;;;;;;20;;;;Ericsson;Call Setup Failures;460000109041946;;;;;;;;;800,CSF,CB01002;2;1.57;1;;;;
;;;BSCB02;CB02002;3545010274868935;;;;;;;;;20;;;;Ericsson;Call Setup Failures;460000109041946;;;;;;;;;800,CSF,CB02002;2;1.57;1;;;;
;;;BSCB02;CB02002;3545010274868935;;;;;;;;;20;;;;Ericsson;Call Drops;460000109041946;;;;;;;;;799,CD,CB02002;2;1.57;1;;;;
;;;BSCB01;CB01002;3545010274868935;;;;;;;;;20;;;;Ericsson;Call Drops;460000109041946;;;;;;;;;799,CD,CB01002;3;2.36;1;;;;
;;;BSCA01;CA01002;3545010193996666;;;;;;;;;;;48;;Ericsson;Call Drops;460000025651469;;;;;;;;;;48;37.79;1;;;;
;;;BSCA01;CA01002;3545010193996666;;;;;;;;;;;48;;Ericsson;Call Setup Failures;460000025651469;;;;;;;;;;48;37.79;1;;;;
;;;;;;;;;;;;;;;;;;Ericsson;Call Setup Failures;;;;;;;;;;579,CSF;6;30.00;2;;;;
;;;;;;;;;;;;;;;;;;Ericsson;Call Drops;;;;;;;;;;579,CD;7;35.00;2;;;;
;;;;;3545010274868935;;;;;;;;;;;;;Ericsson;Call Setup Failures;460000109041946;;;;;;;;;557,CSF;4;28.57;1;;;;
;;;;;3545010274868935;;;;;;;;;;;;;Ericsson;Call Drops;460000109041946;;;;;;;;;557,CD;5;35.71;1;;;;